[{"name":"BOTTOM_NAVIGATION","description":"com.example.trainapp.ui.util.TaskNavigationType.BOTTOM_NAVIGATION","location":"app/com.example.trainapp.ui.util/-task-navigation-type/-b-o-t-t-o-m_-n-a-v-i-g-a-t-i-o-n/index.html","searchKeys":["BOTTOM_NAVIGATION","BOTTOM_NAVIGATION","com.example.trainapp.ui.util.TaskNavigationType.BOTTOM_NAVIGATION"]},{"name":"CARRIAGE","description":"com.example.trainapp.model.TrainComponentType.CARRIAGE","location":"app/com.example.trainapp.model/-train-component-type/-c-a-r-r-i-a-g-e/index.html","searchKeys":["CARRIAGE","CARRIAGE","com.example.trainapp.model.TrainComponentType.CARRIAGE"]},{"name":"LOCOMOTIVE","description":"com.example.trainapp.model.TrainComponentType.LOCOMOTIVE","location":"app/com.example.trainapp.model/-train-component-type/-l-o-c-o-m-o-t-i-v-e/index.html","searchKeys":["LOCOMOTIVE","LOCOMOTIVE","com.example.trainapp.model.TrainComponentType.LOCOMOTIVE"]},{"name":"NAVIGATION_RAIL","description":"com.example.trainapp.ui.util.TaskNavigationType.NAVIGATION_RAIL","location":"app/com.example.trainapp.ui.util/-task-navigation-type/-n-a-v-i-g-a-t-i-o-n_-r-a-i-l/index.html","searchKeys":["NAVIGATION_RAIL","NAVIGATION_RAIL","com.example.trainapp.ui.util.TaskNavigationType.NAVIGATION_RAIL"]},{"name":"PERMANENT_NAVIGATION_DRAWER","description":"com.example.trainapp.ui.util.TaskNavigationType.PERMANENT_NAVIGATION_DRAWER","location":"app/com.example.trainapp.ui.util/-task-navigation-type/-p-e-r-m-a-n-e-n-t_-n-a-v-i-g-a-t-i-o-n_-d-r-a-w-e-r/index.html","searchKeys":["PERMANENT_NAVIGATION_DRAWER","PERMANENT_NAVIGATION_DRAWER","com.example.trainapp.ui.util.TaskNavigationType.PERMANENT_NAVIGATION_DRAWER"]},{"name":"Start","description":"com.example.trainapp.ui.navigation.Destinations.Start","location":"app/com.example.trainapp.ui.navigation/-destinations/-start/index.html","searchKeys":["Start","Start","com.example.trainapp.ui.navigation.Destinations.Start"]},{"name":"TRAINSET","description":"com.example.trainapp.model.TrainComponentType.TRAINSET","location":"app/com.example.trainapp.model/-train-component-type/-t-r-a-i-n-s-e-t/index.html","searchKeys":["TRAINSET","TRAINSET","com.example.trainapp.model.TrainComponentType.TRAINSET"]},{"name":"Teams","description":"com.example.trainapp.ui.navigation.Destinations.Teams","location":"app/com.example.trainapp.ui.navigation/-destinations/-teams/index.html","searchKeys":["Teams","Teams","com.example.trainapp.ui.navigation.Destinations.Teams"]},{"name":"Train","description":"com.example.trainapp.ui.navigation.Destinations.Train","location":"app/com.example.trainapp.ui.navigation/-destinations/-train/index.html","searchKeys":["Train","Train","com.example.trainapp.ui.navigation.Destinations.Train"]},{"name":"TrainDetail","description":"com.example.trainapp.ui.navigation.Destinations.TrainDetail","location":"app/com.example.trainapp.ui.navigation/-destinations/-train-detail/index.html","searchKeys":["TrainDetail","TrainDetail","com.example.trainapp.ui.navigation.Destinations.TrainDetail"]},{"name":"abstract class TrainComponentDatabase : RoomDatabase","description":"com.example.trainapp.data.database.TrainComponentDatabase","location":"app/com.example.trainapp.data.database/-train-component-database/index.html","searchKeys":["TrainComponentDatabase","abstract class TrainComponentDatabase : RoomDatabase","com.example.trainapp.data.database.TrainComponentDatabase"]},{"name":"abstract fun getAllItems(): Flow<List<DbTrainComponent>>","description":"com.example.trainapp.data.database.TrainComponentDao.getAllItems","location":"app/com.example.trainapp.data.database/-train-component-dao/get-all-items.html","searchKeys":["getAllItems","abstract fun getAllItems(): Flow<List<DbTrainComponent>>","com.example.trainapp.data.database.TrainComponentDao.getAllItems"]},{"name":"abstract fun getAllItems(): Flow<List<TrainComponent>>","description":"com.example.trainapp.data.TrainRepository.getAllItems","location":"app/com.example.trainapp.data/-train-repository/get-all-items.html","searchKeys":["getAllItems","abstract fun getAllItems(): Flow<List<TrainComponent>>","com.example.trainapp.data.TrainRepository.getAllItems"]},{"name":"abstract fun getItem(id: Int): Flow<DbTrainComponent>","description":"com.example.trainapp.data.database.TrainComponentDao.getItem","location":"app/com.example.trainapp.data.database/-train-component-dao/get-item.html","searchKeys":["getItem","abstract fun getItem(id: Int): Flow<DbTrainComponent>","com.example.trainapp.data.database.TrainComponentDao.getItem"]},{"name":"abstract fun getItem(id: Int): Flow<TrainComponent>","description":"com.example.trainapp.data.TrainRepository.getItem","location":"app/com.example.trainapp.data/-train-repository/get-item.html","searchKeys":["getItem","abstract fun getItem(id: Int): Flow<TrainComponent>","com.example.trainapp.data.TrainRepository.getItem"]},{"name":"abstract fun trainComponentDao(): TrainComponentDao","description":"com.example.trainapp.data.database.TrainComponentDatabase.trainComponentDao","location":"app/com.example.trainapp.data.database/-train-component-database/train-component-dao.html","searchKeys":["trainComponentDao","abstract fun trainComponentDao(): TrainComponentDao","com.example.trainapp.data.database.TrainComponentDatabase.trainComponentDao"]},{"name":"abstract suspend fun getTrainComponentById(id: Int): ApiTrainComponent","description":"com.example.trainapp.network.TrainComponentApiService.getTrainComponentById","location":"app/com.example.trainapp.network/-train-component-api-service/get-train-component-by-id.html","searchKeys":["getTrainComponentById","abstract suspend fun getTrainComponentById(id: Int): ApiTrainComponent","com.example.trainapp.network.TrainComponentApiService.getTrainComponentById"]},{"name":"abstract suspend fun getTrainComponents(): List<ApiTrainComponent>","description":"com.example.trainapp.network.TrainComponentApiService.getTrainComponents","location":"app/com.example.trainapp.network/-train-component-api-service/get-train-components.html","searchKeys":["getTrainComponents","abstract suspend fun getTrainComponents(): List<ApiTrainComponent>","com.example.trainapp.network.TrainComponentApiService.getTrainComponents"]},{"name":"abstract suspend fun insert(item: DbTrainComponent)","description":"com.example.trainapp.data.database.TrainComponentDao.insert","location":"app/com.example.trainapp.data.database/-train-component-dao/insert.html","searchKeys":["insert","abstract suspend fun insert(item: DbTrainComponent)","com.example.trainapp.data.database.TrainComponentDao.insert"]},{"name":"abstract suspend fun insert(item: TrainComponent)","description":"com.example.trainapp.data.TrainRepository.insert","location":"app/com.example.trainapp.data/-train-repository/insert.html","searchKeys":["insert","abstract suspend fun insert(item: TrainComponent)","com.example.trainapp.data.TrainRepository.insert"]},{"name":"abstract suspend fun refreshTrainComponents()","description":"com.example.trainapp.data.TrainRepository.refreshTrainComponents","location":"app/com.example.trainapp.data/-train-repository/refresh-train-components.html","searchKeys":["refreshTrainComponents","abstract suspend fun refreshTrainComponents()","com.example.trainapp.data.TrainRepository.refreshTrainComponents"]},{"name":"abstract val trainRepository: TrainRepository","description":"com.example.trainapp.data.AppContainer.trainRepository","location":"app/com.example.trainapp.data/-app-container/train-repository.html","searchKeys":["trainRepository","abstract val trainRepository: TrainRepository","com.example.trainapp.data.AppContainer.trainRepository"]},{"name":"abstract var wifiWorkInfo: Flow<WorkInfo>","description":"com.example.trainapp.data.TrainRepository.wifiWorkInfo","location":"app/com.example.trainapp.data/-train-repository/wifi-work-info.html","searchKeys":["wifiWorkInfo","abstract var wifiWorkInfo: Flow<WorkInfo>","com.example.trainapp.data.TrainRepository.wifiWorkInfo"]},{"name":"class CashingTrainRepository(trainComponentDao: TrainComponentDao, trainApiService: TrainComponentApiService, context: Context) : TrainRepository","description":"com.example.trainapp.data.CashingTrainRepository","location":"app/com.example.trainapp.data/-cashing-train-repository/index.html","searchKeys":["CashingTrainRepository","class CashingTrainRepository(trainComponentDao: TrainComponentDao, trainApiService: TrainComponentApiService, context: Context) : TrainRepository","com.example.trainapp.data.CashingTrainRepository"]},{"name":"class DefaultAppContainer(context: Context) : AppContainer","description":"com.example.trainapp.data.DefaultAppContainer","location":"app/com.example.trainapp.data/-default-app-container/index.html","searchKeys":["DefaultAppContainer","class DefaultAppContainer(context: Context) : AppContainer","com.example.trainapp.data.DefaultAppContainer"]},{"name":"class MainActivity : ComponentActivity","description":"com.example.trainapp.MainActivity","location":"app/com.example.trainapp/-main-activity/index.html","searchKeys":["MainActivity","class MainActivity : ComponentActivity","com.example.trainapp.MainActivity"]},{"name":"class NetworkConnectionInterceptor(val context: Context) : Interceptor","description":"com.example.trainapp.network.NetworkConnectionInterceptor","location":"app/com.example.trainapp.network/-network-connection-interceptor/index.html","searchKeys":["NetworkConnectionInterceptor","class NetworkConnectionInterceptor(val context: Context) : Interceptor","com.example.trainapp.network.NetworkConnectionInterceptor"]},{"name":"class TrainApplication : Application","description":"com.example.trainapp.TrainApplication","location":"app/com.example.trainapp/-train-application/index.html","searchKeys":["TrainApplication","class TrainApplication : Application","com.example.trainapp.TrainApplication"]},{"name":"class TrainDetailViewModel(trainRepository: TrainRepository, trainComponentId: Int) : ViewModel","description":"com.example.trainapp.ui.trainOverview.detail.TrainDetailViewModel","location":"app/com.example.trainapp.ui.trainOverview.detail/-train-detail-view-model/index.html","searchKeys":["TrainDetailViewModel","class TrainDetailViewModel(trainRepository: TrainRepository, trainComponentId: Int) : ViewModel","com.example.trainapp.ui.trainOverview.detail.TrainDetailViewModel"]},{"name":"class TrainViewModel(trainRepository: TrainRepository) : ViewModel","description":"com.example.trainapp.ui.trainOverview.TrainViewModel","location":"app/com.example.trainapp.ui.trainOverview/-train-view-model/index.html","searchKeys":["TrainViewModel","class TrainViewModel(trainRepository: TrainRepository) : ViewModel","com.example.trainapp.ui.trainOverview.TrainViewModel"]},{"name":"class WifiNotificationWorker(context: Context, params: WorkerParameters) : CoroutineWorker","description":"com.example.trainapp.workerUtils.WifiNotificationWorker","location":"app/com.example.trainapp.workerUtils/-wifi-notification-worker/index.html","searchKeys":["WifiNotificationWorker","class WifiNotificationWorker(context: Context, params: WorkerParameters) : CoroutineWorker","com.example.trainapp.workerUtils.WifiNotificationWorker"]},{"name":"constructor()","description":"com.example.trainapp.MainActivity.MainActivity","location":"app/com.example.trainapp/-main-activity/-main-activity.html","searchKeys":["MainActivity","constructor()","com.example.trainapp.MainActivity.MainActivity"]},{"name":"constructor()","description":"com.example.trainapp.TrainApplication.TrainApplication","location":"app/com.example.trainapp/-train-application/-train-application.html","searchKeys":["TrainApplication","constructor()","com.example.trainapp.TrainApplication.TrainApplication"]},{"name":"constructor()","description":"com.example.trainapp.data.database.TrainComponentDatabase.TrainComponentDatabase","location":"app/com.example.trainapp.data.database/-train-component-database/-train-component-database.html","searchKeys":["TrainComponentDatabase","constructor()","com.example.trainapp.data.database.TrainComponentDatabase.TrainComponentDatabase"]},{"name":"constructor(context: Context)","description":"com.example.trainapp.data.DefaultAppContainer.DefaultAppContainer","location":"app/com.example.trainapp.data/-default-app-container/-default-app-container.html","searchKeys":["DefaultAppContainer","constructor(context: Context)","com.example.trainapp.data.DefaultAppContainer.DefaultAppContainer"]},{"name":"constructor(context: Context)","description":"com.example.trainapp.network.NetworkConnectionInterceptor.NetworkConnectionInterceptor","location":"app/com.example.trainapp.network/-network-connection-interceptor/-network-connection-interceptor.html","searchKeys":["NetworkConnectionInterceptor","constructor(context: Context)","com.example.trainapp.network.NetworkConnectionInterceptor.NetworkConnectionInterceptor"]},{"name":"constructor(context: Context, params: WorkerParameters)","description":"com.example.trainapp.workerUtils.WifiNotificationWorker.WifiNotificationWorker","location":"app/com.example.trainapp.workerUtils/-wifi-notification-worker/-wifi-notification-worker.html","searchKeys":["WifiNotificationWorker","constructor(context: Context, params: WorkerParameters)","com.example.trainapp.workerUtils.WifiNotificationWorker.WifiNotificationWorker"]},{"name":"constructor(id: Int = 0, type: TrainComponentType, subtype: String, image: String, descriptionImage: String, description: String)","description":"com.example.trainapp.data.database.DbTrainComponent.DbTrainComponent","location":"app/com.example.trainapp.data.database/-db-train-component/-db-train-component.html","searchKeys":["DbTrainComponent","constructor(id: Int = 0, type: TrainComponentType, subtype: String, image: String, descriptionImage: String, description: String)","com.example.trainapp.data.database.DbTrainComponent.DbTrainComponent"]},{"name":"constructor(id: Int, type: TrainComponentType, subtype: String, image: String, descriptionImage: String, description: String)","description":"com.example.trainapp.model.TrainComponent.TrainComponent","location":"app/com.example.trainapp.model/-train-component/-train-component.html","searchKeys":["TrainComponent","constructor(id: Int, type: TrainComponentType, subtype: String, image: String, descriptionImage: String, description: String)","com.example.trainapp.model.TrainComponent.TrainComponent"]},{"name":"constructor(id: Int, type: TrainComponentType, subtype: String, image: String, descriptionImage: String, description: String)","description":"com.example.trainapp.network.ApiTrainComponent.ApiTrainComponent","location":"app/com.example.trainapp.network/-api-train-component/-api-train-component.html","searchKeys":["ApiTrainComponent","constructor(id: Int, type: TrainComponentType, subtype: String, image: String, descriptionImage: String, description: String)","com.example.trainapp.network.ApiTrainComponent.ApiTrainComponent"]},{"name":"constructor(scrollActionIdx: Int = 0, scrollToItemIndex: Int = 0)","description":"com.example.trainapp.ui.trainOverview.TrainOverviewState.TrainOverviewState","location":"app/com.example.trainapp.ui.trainOverview/-train-overview-state/-train-overview-state.html","searchKeys":["TrainOverviewState","constructor(scrollActionIdx: Int = 0, scrollToItemIndex: Int = 0)","com.example.trainapp.ui.trainOverview.TrainOverviewState.TrainOverviewState"]},{"name":"constructor(train: TrainComponent? = null)","description":"com.example.trainapp.ui.trainOverview.detail.TrainDetailUiState.TrainDetailUiState","location":"app/com.example.trainapp.ui.trainOverview.detail/-train-detail-ui-state/-train-detail-ui-state.html","searchKeys":["TrainDetailUiState","constructor(train: TrainComponent? = null)","com.example.trainapp.ui.trainOverview.detail.TrainDetailUiState.TrainDetailUiState"]},{"name":"constructor(trainComponent: TrainComponent? = null)","description":"com.example.trainapp.ui.trainOverview.detail.TrainComponentState.TrainComponentState","location":"app/com.example.trainapp.ui.trainOverview.detail/-train-component-state/-train-component-state.html","searchKeys":["TrainComponentState","constructor(trainComponent: TrainComponent? = null)","com.example.trainapp.ui.trainOverview.detail.TrainComponentState.TrainComponentState"]},{"name":"constructor(trainComponentDao: TrainComponentDao, trainApiService: TrainComponentApiService, context: Context)","description":"com.example.trainapp.data.CashingTrainRepository.CashingTrainRepository","location":"app/com.example.trainapp.data/-cashing-train-repository/-cashing-train-repository.html","searchKeys":["CashingTrainRepository","constructor(trainComponentDao: TrainComponentDao, trainApiService: TrainComponentApiService, context: Context)","com.example.trainapp.data.CashingTrainRepository.CashingTrainRepository"]},{"name":"constructor(trainComponentList: List<TrainComponent> = listOf())","description":"com.example.trainapp.ui.trainOverview.TrainComponentListState.TrainComponentListState","location":"app/com.example.trainapp.ui.trainOverview/-train-component-list-state/-train-component-list-state.html","searchKeys":["TrainComponentListState","constructor(trainComponentList: List<TrainComponent> = listOf())","com.example.trainapp.ui.trainOverview.TrainComponentListState.TrainComponentListState"]},{"name":"constructor(trainRepository: TrainRepository)","description":"com.example.trainapp.ui.trainOverview.TrainViewModel.TrainViewModel","location":"app/com.example.trainapp.ui.trainOverview/-train-view-model/-train-view-model.html","searchKeys":["TrainViewModel","constructor(trainRepository: TrainRepository)","com.example.trainapp.ui.trainOverview.TrainViewModel.TrainViewModel"]},{"name":"constructor(trainRepository: TrainRepository, trainComponentId: Int)","description":"com.example.trainapp.ui.trainOverview.detail.TrainDetailViewModel.TrainDetailViewModel","location":"app/com.example.trainapp.ui.trainOverview.detail/-train-detail-view-model/-train-detail-view-model.html","searchKeys":["TrainDetailViewModel","constructor(trainRepository: TrainRepository, trainComponentId: Int)","com.example.trainapp.ui.trainOverview.detail.TrainDetailViewModel.TrainDetailViewModel"]},{"name":"constructor(workerInfo: WorkInfo? = null)","description":"com.example.trainapp.ui.trainOverview.WorkerState.WorkerState","location":"app/com.example.trainapp.ui.trainOverview/-worker-state/-worker-state.html","searchKeys":["WorkerState","constructor(workerInfo: WorkInfo? = null)","com.example.trainapp.ui.trainOverview.WorkerState.WorkerState"]},{"name":"data class ApiTrainComponent(val id: Int, val type: TrainComponentType, val subtype: String, val image: String, val descriptionImage: String, val description: String)","description":"com.example.trainapp.network.ApiTrainComponent","location":"app/com.example.trainapp.network/-api-train-component/index.html","searchKeys":["ApiTrainComponent","data class ApiTrainComponent(val id: Int, val type: TrainComponentType, val subtype: String, val image: String, val descriptionImage: String, val description: String)","com.example.trainapp.network.ApiTrainComponent"]},{"name":"data class DbTrainComponent(val id: Int = 0, val type: TrainComponentType, val subtype: String, val image: String, val descriptionImage: String, val description: String)","description":"com.example.trainapp.data.database.DbTrainComponent","location":"app/com.example.trainapp.data.database/-db-train-component/index.html","searchKeys":["DbTrainComponent","data class DbTrainComponent(val id: Int = 0, val type: TrainComponentType, val subtype: String, val image: String, val descriptionImage: String, val description: String)","com.example.trainapp.data.database.DbTrainComponent"]},{"name":"data class TrainComponent(val id: Int, val type: TrainComponentType, val subtype: String, val image: String, val descriptionImage: String, val description: String)","description":"com.example.trainapp.model.TrainComponent","location":"app/com.example.trainapp.model/-train-component/index.html","searchKeys":["TrainComponent","data class TrainComponent(val id: Int, val type: TrainComponentType, val subtype: String, val image: String, val descriptionImage: String, val description: String)","com.example.trainapp.model.TrainComponent"]},{"name":"data class TrainComponentListState(val trainComponentList: List<TrainComponent> = listOf())","description":"com.example.trainapp.ui.trainOverview.TrainComponentListState","location":"app/com.example.trainapp.ui.trainOverview/-train-component-list-state/index.html","searchKeys":["TrainComponentListState","data class TrainComponentListState(val trainComponentList: List<TrainComponent> = listOf())","com.example.trainapp.ui.trainOverview.TrainComponentListState"]},{"name":"data class TrainComponentState(val trainComponent: TrainComponent? = null)","description":"com.example.trainapp.ui.trainOverview.detail.TrainComponentState","location":"app/com.example.trainapp.ui.trainOverview.detail/-train-component-state/index.html","searchKeys":["TrainComponentState","data class TrainComponentState(val trainComponent: TrainComponent? = null)","com.example.trainapp.ui.trainOverview.detail.TrainComponentState"]},{"name":"data class TrainDetailUiState(val train: TrainComponent? = null)","description":"com.example.trainapp.ui.trainOverview.detail.TrainDetailUiState","location":"app/com.example.trainapp.ui.trainOverview.detail/-train-detail-ui-state/index.html","searchKeys":["TrainDetailUiState","data class TrainDetailUiState(val train: TrainComponent? = null)","com.example.trainapp.ui.trainOverview.detail.TrainDetailUiState"]},{"name":"data class TrainOverviewState(val scrollActionIdx: Int = 0, val scrollToItemIndex: Int = 0)","description":"com.example.trainapp.ui.trainOverview.TrainOverviewState","location":"app/com.example.trainapp.ui.trainOverview/-train-overview-state/index.html","searchKeys":["TrainOverviewState","data class TrainOverviewState(val scrollActionIdx: Int = 0, val scrollToItemIndex: Int = 0)","com.example.trainapp.ui.trainOverview.TrainOverviewState"]},{"name":"data class WorkerState(val workerInfo: WorkInfo? = null)","description":"com.example.trainapp.ui.trainOverview.WorkerState","location":"app/com.example.trainapp.ui.trainOverview/-worker-state/index.html","searchKeys":["WorkerState","data class WorkerState(val workerInfo: WorkInfo? = null)","com.example.trainapp.ui.trainOverview.WorkerState"]},{"name":"enum Destinations : Enum<Destinations> ","description":"com.example.trainapp.ui.navigation.Destinations","location":"app/com.example.trainapp.ui.navigation/-destinations/index.html","searchKeys":["Destinations","enum Destinations : Enum<Destinations> ","com.example.trainapp.ui.navigation.Destinations"]},{"name":"enum TaskNavigationType : Enum<TaskNavigationType> ","description":"com.example.trainapp.ui.util.TaskNavigationType","location":"app/com.example.trainapp.ui.util/-task-navigation-type/index.html","searchKeys":["TaskNavigationType","enum TaskNavigationType : Enum<TaskNavigationType> ","com.example.trainapp.ui.util.TaskNavigationType"]},{"name":"enum TrainComponentType : Enum<TrainComponentType> ","description":"com.example.trainapp.model.TrainComponentType","location":"app/com.example.trainapp.model/-train-component-type/index.html","searchKeys":["TrainComponentType","enum TrainComponentType : Enum<TrainComponentType> ","com.example.trainapp.model.TrainComponentType"]},{"name":"fun BottomAppBar(items: List<String>, icons: List<Painter>, selectedItem: Int, onItemSelected: (Int) -> Unit)","description":"com.example.trainapp.ui.navigation.BottomAppBar","location":"app/com.example.trainapp.ui.navigation/-bottom-app-bar.html","searchKeys":["BottomAppBar","fun BottomAppBar(items: List<String>, icons: List<Painter>, selectedItem: Int, onItemSelected: (Int) -> Unit)","com.example.trainapp.ui.navigation.BottomAppBar"]},{"name":"fun DbTrainComponent.asDomainTrainComponent(): TrainComponent","description":"com.example.trainapp.data.database.asDomainTrainComponent","location":"app/com.example.trainapp.data.database/as-domain-train-component.html","searchKeys":["asDomainTrainComponent","fun DbTrainComponent.asDomainTrainComponent(): TrainComponent","com.example.trainapp.data.database.asDomainTrainComponent"]},{"name":"fun ErrorMessage(errorMessage: String, onRetry: () -> Unit)","description":"com.example.trainapp.ui.components.ErrorMessage","location":"app/com.example.trainapp.ui.components/-error-message.html","searchKeys":["ErrorMessage","fun ErrorMessage(errorMessage: String, onRetry: () -> Unit)","com.example.trainapp.ui.components.ErrorMessage"]},{"name":"fun Factory(trainId: Int): ViewModelProvider.Factory","description":"com.example.trainapp.ui.trainOverview.detail.TrainDetailViewModel.Companion.Factory","location":"app/com.example.trainapp.ui.trainOverview.detail/-train-detail-view-model/-companion/-factory.html","searchKeys":["Factory","fun Factory(trainId: Int): ViewModelProvider.Factory","com.example.trainapp.ui.trainOverview.detail.TrainDetailViewModel.Companion.Factory"]},{"name":"fun Flow<List<ApiTrainComponent>>.asDomainObjects(): Flow<List<TrainComponent>>","description":"com.example.trainapp.network.asDomainObjects","location":"app/com.example.trainapp.network/as-domain-objects.html","searchKeys":["asDomainObjects","fun Flow<List<ApiTrainComponent>>.asDomainObjects(): Flow<List<TrainComponent>>","com.example.trainapp.network.asDomainObjects"]},{"name":"fun List<ApiTrainComponent>.asDomainObjects(): List<TrainComponent>","description":"com.example.trainapp.network.asDomainObjects","location":"app/com.example.trainapp.network/as-domain-objects.html","searchKeys":["asDomainObjects","fun List<ApiTrainComponent>.asDomainObjects(): List<TrainComponent>","com.example.trainapp.network.asDomainObjects"]},{"name":"fun List<DbTrainComponent>.asDomainTrainComponents(): List<TrainComponent>","description":"com.example.trainapp.data.database.asDomainTrainComponents","location":"app/com.example.trainapp.data.database/as-domain-train-components.html","searchKeys":["asDomainTrainComponents","fun List<DbTrainComponent>.asDomainTrainComponents(): List<TrainComponent>","com.example.trainapp.data.database.asDomainTrainComponents"]},{"name":"fun NavComponent(navController: NavHostController, innerPadding: PaddingValues)","description":"com.example.trainapp.ui.navigation.NavComponent","location":"app/com.example.trainapp.ui.navigation/-nav-component.html","searchKeys":["NavComponent","fun NavComponent(navController: NavHostController, innerPadding: PaddingValues)","com.example.trainapp.ui.navigation.NavComponent"]},{"name":"fun NavigationDrawerContent(selectedDestination: NavDestination?, onTabPressed: (String) -> Unit, modifier: Modifier = Modifier)","description":"com.example.trainapp.ui.components.NavigationDrawerContent","location":"app/com.example.trainapp.ui.components/-navigation-drawer-content.html","searchKeys":["NavigationDrawerContent","fun NavigationDrawerContent(selectedDestination: NavDestination?, onTabPressed: (String) -> Unit, modifier: Modifier = Modifier)","com.example.trainapp.ui.components.NavigationDrawerContent"]},{"name":"fun StartOverview(innerPadding: PaddingValues)","description":"com.example.trainapp.ui.startOverview.StartOverview","location":"app/com.example.trainapp.ui.startOverview/-start-overview.html","searchKeys":["StartOverview","fun StartOverview(innerPadding: PaddingValues)","com.example.trainapp.ui.startOverview.StartOverview"]},{"name":"fun TeamOverview(innerPadding: PaddingValues)","description":"com.example.trainapp.ui.teamOverview.TeamOverview","location":"app/com.example.trainapp.ui.teamOverview/-team-overview.html","searchKeys":["TeamOverview","fun TeamOverview(innerPadding: PaddingValues)","com.example.trainapp.ui.teamOverview.TeamOverview"]},{"name":"fun TopAppBar(modifier: Modifier = Modifier, title: Int, showBackButton: Boolean = false, onBackButtonPressed: () -> Unit)","description":"com.example.trainapp.ui.navigation.TopAppBar","location":"app/com.example.trainapp.ui.navigation/-top-app-bar.html","searchKeys":["TopAppBar","fun TopAppBar(modifier: Modifier = Modifier, title: Int, showBackButton: Boolean = false, onBackButtonPressed: () -> Unit)","com.example.trainapp.ui.navigation.TopAppBar"]},{"name":"fun TrainApp(navigationType: TaskNavigationType, navController: NavHostController = rememberNavController())","description":"com.example.trainapp.ui.TrainApp","location":"app/com.example.trainapp.ui/-train-app.html","searchKeys":["TrainApp","fun TrainApp(navigationType: TaskNavigationType, navController: NavHostController = rememberNavController())","com.example.trainapp.ui.TrainApp"]},{"name":"fun TrainAppTheme(useDarkTheme: Boolean = isSystemInDarkTheme(), content: () -> Unit)","description":"com.example.trainapp.ui.theme.TrainAppTheme","location":"app/com.example.trainapp.ui.theme/-train-app-theme.html","searchKeys":["TrainAppTheme","fun TrainAppTheme(useDarkTheme: Boolean = isSystemInDarkTheme(), content: () -> Unit)","com.example.trainapp.ui.theme.TrainAppTheme"]},{"name":"fun TrainCard(trainId: Int, type: String, image: String, onClick: (Int) -> Unit)","description":"com.example.trainapp.ui.trainOverview.components.TrainCard","location":"app/com.example.trainapp.ui.trainOverview.components/-train-card.html","searchKeys":["TrainCard","fun TrainCard(trainId: Int, type: String, image: String, onClick: (Int) -> Unit)","com.example.trainapp.ui.trainOverview.components.TrainCard"]},{"name":"fun TrainComponent.asDbTrainComponent(): DbTrainComponent","description":"com.example.trainapp.data.database.asDbTrainComponent","location":"app/com.example.trainapp.data.database/as-db-train-component.html","searchKeys":["asDbTrainComponent","fun TrainComponent.asDbTrainComponent(): DbTrainComponent","com.example.trainapp.data.database.asDbTrainComponent"]},{"name":"fun TrainComponentApiService.getTrainComponentsAsFlow(): Flow<List<ApiTrainComponent>>","description":"com.example.trainapp.network.getTrainComponentsAsFlow","location":"app/com.example.trainapp.network/get-train-components-as-flow.html","searchKeys":["getTrainComponentsAsFlow","fun TrainComponentApiService.getTrainComponentsAsFlow(): Flow<List<ApiTrainComponent>>","com.example.trainapp.network.getTrainComponentsAsFlow"]},{"name":"fun TrainComponentList(trainComponents: List<TrainComponent>, trainComponentType: String, onTrainComponentClick: (Int) -> Unit)","description":"com.example.trainapp.ui.trainOverview.components.TrainComponentList","location":"app/com.example.trainapp.ui.trainOverview.components/-train-component-list.html","searchKeys":["TrainComponentList","fun TrainComponentList(trainComponents: List<TrainComponent>, trainComponentType: String, onTrainComponentClick: (Int) -> Unit)","com.example.trainapp.ui.trainOverview.components.TrainComponentList"]},{"name":"fun TrainDetailsOverview(innerPadding: PaddingValues, trainId: Int, viewModel: TrainDetailViewModel = viewModel(factory = TrainDetailViewModel.Factory(trainId)))","description":"com.example.trainapp.ui.trainOverview.detail.TrainDetailsOverview","location":"app/com.example.trainapp.ui.trainOverview.detail/-train-details-overview.html","searchKeys":["TrainDetailsOverview","fun TrainDetailsOverview(innerPadding: PaddingValues, trainId: Int, viewModel: TrainDetailViewModel = viewModel(factory = TrainDetailViewModel.Factory(trainId)))","com.example.trainapp.ui.trainOverview.detail.TrainDetailsOverview"]},{"name":"fun TrainNavigationRail(selectedDestination: NavDestination?, onTabPressed: (String) -> Unit, modifier: Modifier = Modifier)","description":"com.example.trainapp.ui.components.TrainNavigationRail","location":"app/com.example.trainapp.ui.components/-train-navigation-rail.html","searchKeys":["TrainNavigationRail","fun TrainNavigationRail(selectedDestination: NavDestination?, onTabPressed: (String) -> Unit, modifier: Modifier = Modifier)","com.example.trainapp.ui.components.TrainNavigationRail"]},{"name":"fun TrainOverview(innerPadding: PaddingValues, viewModel: TrainViewModel = viewModel(factory = TrainViewModel.Factory), onTrainComponentClick: (Int) -> Unit)","description":"com.example.trainapp.ui.trainOverview.TrainOverview","location":"app/com.example.trainapp.ui.trainOverview/-train-overview.html","searchKeys":["TrainOverview","fun TrainOverview(innerPadding: PaddingValues, viewModel: TrainViewModel = viewModel(factory = TrainViewModel.Factory), onTrainComponentClick: (Int) -> Unit)","com.example.trainapp.ui.trainOverview.TrainOverview"]},{"name":"fun getDatabase(context: Context): TrainComponentDatabase","description":"com.example.trainapp.data.database.TrainComponentDatabase.Companion.getDatabase","location":"app/com.example.trainapp.data.database/-train-component-database/-companion/get-database.html","searchKeys":["getDatabase","fun getDatabase(context: Context): TrainComponentDatabase","com.example.trainapp.data.database.TrainComponentDatabase.Companion.getDatabase"]},{"name":"fun isConnected(context: Context): Boolean","description":"com.example.trainapp.network.NetworkConnectionInterceptor.isConnected","location":"app/com.example.trainapp.network/-network-connection-interceptor/is-connected.html","searchKeys":["isConnected","fun isConnected(context: Context): Boolean","com.example.trainapp.network.NetworkConnectionInterceptor.isConnected"]},{"name":"fun makeStatusNotification(message: String, context: Context)","description":"com.example.trainapp.workerUtils.makeStatusNotification","location":"app/com.example.trainapp.workerUtils/make-status-notification.html","searchKeys":["makeStatusNotification","fun makeStatusNotification(message: String, context: Context)","com.example.trainapp.workerUtils.makeStatusNotification"]},{"name":"fun pair(): Pair<List<Painter>, List<String>>","description":"com.example.trainapp.ui.navigation.pair","location":"app/com.example.trainapp.ui.navigation/pair.html","searchKeys":["pair","fun pair(): Pair<List<Painter>, List<String>>","com.example.trainapp.ui.navigation.pair"]},{"name":"fun retry()","description":"com.example.trainapp.ui.trainOverview.TrainViewModel.retry","location":"app/com.example.trainapp.ui.trainOverview/-train-view-model/retry.html","searchKeys":["retry","fun retry()","com.example.trainapp.ui.trainOverview.TrainViewModel.retry"]},{"name":"fun retry()","description":"com.example.trainapp.ui.trainOverview.detail.TrainDetailViewModel.retry","location":"app/com.example.trainapp.ui.trainOverview.detail/-train-detail-view-model/retry.html","searchKeys":["retry","fun retry()","com.example.trainapp.ui.trainOverview.detail.TrainDetailViewModel.retry"]},{"name":"fun valueOf(value: String): Destinations","description":"com.example.trainapp.ui.navigation.Destinations.valueOf","location":"app/com.example.trainapp.ui.navigation/-destinations/value-of.html","searchKeys":["valueOf","fun valueOf(value: String): Destinations","com.example.trainapp.ui.navigation.Destinations.valueOf"]},{"name":"fun valueOf(value: String): TaskNavigationType","description":"com.example.trainapp.ui.util.TaskNavigationType.valueOf","location":"app/com.example.trainapp.ui.util/-task-navigation-type/value-of.html","searchKeys":["valueOf","fun valueOf(value: String): TaskNavigationType","com.example.trainapp.ui.util.TaskNavigationType.valueOf"]},{"name":"fun valueOf(value: String): TrainComponentType","description":"com.example.trainapp.model.TrainComponentType.valueOf","location":"app/com.example.trainapp.model/-train-component-type/value-of.html","searchKeys":["valueOf","fun valueOf(value: String): TrainComponentType","com.example.trainapp.model.TrainComponentType.valueOf"]},{"name":"fun values(): Array<Destinations>","description":"com.example.trainapp.ui.navigation.Destinations.values","location":"app/com.example.trainapp.ui.navigation/-destinations/values.html","searchKeys":["values","fun values(): Array<Destinations>","com.example.trainapp.ui.navigation.Destinations.values"]},{"name":"fun values(): Array<TaskNavigationType>","description":"com.example.trainapp.ui.util.TaskNavigationType.values","location":"app/com.example.trainapp.ui.util/-task-navigation-type/values.html","searchKeys":["values","fun values(): Array<TaskNavigationType>","com.example.trainapp.ui.util.TaskNavigationType.values"]},{"name":"fun values(): Array<TrainComponentType>","description":"com.example.trainapp.model.TrainComponentType.values","location":"app/com.example.trainapp.model/-train-component-type/values.html","searchKeys":["values","fun values(): Array<TrainComponentType>","com.example.trainapp.model.TrainComponentType.values"]},{"name":"interface AppContainer","description":"com.example.trainapp.data.AppContainer","location":"app/com.example.trainapp.data/-app-container/index.html","searchKeys":["AppContainer","interface AppContainer","com.example.trainapp.data.AppContainer"]},{"name":"interface TrainApiState","description":"com.example.trainapp.ui.trainOverview.TrainApiState","location":"app/com.example.trainapp.ui.trainOverview/-train-api-state/index.html","searchKeys":["TrainApiState","interface TrainApiState","com.example.trainapp.ui.trainOverview.TrainApiState"]},{"name":"interface TrainComponentApiService","description":"com.example.trainapp.network.TrainComponentApiService","location":"app/com.example.trainapp.network/-train-component-api-service/index.html","searchKeys":["TrainComponentApiService","interface TrainComponentApiService","com.example.trainapp.network.TrainComponentApiService"]},{"name":"interface TrainComponentDao","description":"com.example.trainapp.data.database.TrainComponentDao","location":"app/com.example.trainapp.data.database/-train-component-dao/index.html","searchKeys":["TrainComponentDao","interface TrainComponentDao","com.example.trainapp.data.database.TrainComponentDao"]},{"name":"interface TrainDetailApiState","description":"com.example.trainapp.ui.trainOverview.detail.TrainDetailApiState","location":"app/com.example.trainapp.ui.trainOverview.detail/-train-detail-api-state/index.html","searchKeys":["TrainDetailApiState","interface TrainDetailApiState","com.example.trainapp.ui.trainOverview.detail.TrainDetailApiState"]},{"name":"interface TrainRepository","description":"com.example.trainapp.data.TrainRepository","location":"app/com.example.trainapp.data/-train-repository/index.html","searchKeys":["TrainRepository","interface TrainRepository","com.example.trainapp.data.TrainRepository"]},{"name":"lateinit var container: AppContainer","description":"com.example.trainapp.TrainApplication.container","location":"app/com.example.trainapp/-train-application/container.html","searchKeys":["container","lateinit var container: AppContainer","com.example.trainapp.TrainApplication.container"]},{"name":"lateinit var uiListState: StateFlow<TrainComponentListState>","description":"com.example.trainapp.ui.trainOverview.TrainViewModel.uiListState","location":"app/com.example.trainapp.ui.trainOverview/-train-view-model/ui-list-state.html","searchKeys":["uiListState","lateinit var uiListState: StateFlow<TrainComponentListState>","com.example.trainapp.ui.trainOverview.TrainViewModel.uiListState"]},{"name":"lateinit var uiListState: StateFlow<TrainComponentState>","description":"com.example.trainapp.ui.trainOverview.detail.TrainDetailViewModel.uiListState","location":"app/com.example.trainapp.ui.trainOverview.detail/-train-detail-view-model/ui-list-state.html","searchKeys":["uiListState","lateinit var uiListState: StateFlow<TrainComponentState>","com.example.trainapp.ui.trainOverview.detail.TrainDetailViewModel.uiListState"]},{"name":"lateinit var wifiWorkerState: StateFlow<WorkerState>","description":"com.example.trainapp.ui.trainOverview.TrainViewModel.wifiWorkerState","location":"app/com.example.trainapp.ui.trainOverview/-train-view-model/wifi-worker-state.html","searchKeys":["wifiWorkerState","lateinit var wifiWorkerState: StateFlow<WorkerState>","com.example.trainapp.ui.trainOverview.TrainViewModel.wifiWorkerState"]},{"name":"object Companion","description":"com.example.trainapp.data.database.TrainComponentDatabase.Companion","location":"app/com.example.trainapp.data.database/-train-component-database/-companion/index.html","searchKeys":["Companion","object Companion","com.example.trainapp.data.database.TrainComponentDatabase.Companion"]},{"name":"object Companion","description":"com.example.trainapp.ui.trainOverview.TrainViewModel.Companion","location":"app/com.example.trainapp.ui.trainOverview/-train-view-model/-companion/index.html","searchKeys":["Companion","object Companion","com.example.trainapp.ui.trainOverview.TrainViewModel.Companion"]},{"name":"object Companion","description":"com.example.trainapp.ui.trainOverview.detail.TrainDetailViewModel.Companion","location":"app/com.example.trainapp.ui.trainOverview.detail/-train-detail-view-model/-companion/index.html","searchKeys":["Companion","object Companion","com.example.trainapp.ui.trainOverview.detail.TrainDetailViewModel.Companion"]},{"name":"object Error : TrainApiState","description":"com.example.trainapp.ui.trainOverview.TrainApiState.Error","location":"app/com.example.trainapp.ui.trainOverview/-train-api-state/-error/index.html","searchKeys":["Error","object Error : TrainApiState","com.example.trainapp.ui.trainOverview.TrainApiState.Error"]},{"name":"object Error : TrainDetailApiState","description":"com.example.trainapp.ui.trainOverview.detail.TrainDetailApiState.Error","location":"app/com.example.trainapp.ui.trainOverview.detail/-train-detail-api-state/-error/index.html","searchKeys":["Error","object Error : TrainDetailApiState","com.example.trainapp.ui.trainOverview.detail.TrainDetailApiState.Error"]},{"name":"object Loading : TrainApiState","description":"com.example.trainapp.ui.trainOverview.TrainApiState.Loading","location":"app/com.example.trainapp.ui.trainOverview/-train-api-state/-loading/index.html","searchKeys":["Loading","object Loading : TrainApiState","com.example.trainapp.ui.trainOverview.TrainApiState.Loading"]},{"name":"object Loading : TrainDetailApiState","description":"com.example.trainapp.ui.trainOverview.detail.TrainDetailApiState.Loading","location":"app/com.example.trainapp.ui.trainOverview.detail/-train-detail-api-state/-loading/index.html","searchKeys":["Loading","object Loading : TrainDetailApiState","com.example.trainapp.ui.trainOverview.detail.TrainDetailApiState.Loading"]},{"name":"object Success : TrainApiState","description":"com.example.trainapp.ui.trainOverview.TrainApiState.Success","location":"app/com.example.trainapp.ui.trainOverview/-train-api-state/-success/index.html","searchKeys":["Success","object Success : TrainApiState","com.example.trainapp.ui.trainOverview.TrainApiState.Success"]},{"name":"object Success : TrainDetailApiState","description":"com.example.trainapp.ui.trainOverview.detail.TrainDetailApiState.Success","location":"app/com.example.trainapp.ui.trainOverview.detail/-train-detail-api-state/-success/index.html","searchKeys":["Success","object Success : TrainDetailApiState","com.example.trainapp.ui.trainOverview.detail.TrainDetailApiState.Success"]},{"name":"object TrainComponentSampler","description":"com.example.trainapp.data.TrainComponentSampler","location":"app/com.example.trainapp.data/-train-component-sampler/index.html","searchKeys":["TrainComponentSampler","object TrainComponentSampler","com.example.trainapp.data.TrainComponentSampler"]},{"name":"open override fun getAllItems(): Flow<List<TrainComponent>>","description":"com.example.trainapp.data.CashingTrainRepository.getAllItems","location":"app/com.example.trainapp.data/-cashing-train-repository/get-all-items.html","searchKeys":["getAllItems","open override fun getAllItems(): Flow<List<TrainComponent>>","com.example.trainapp.data.CashingTrainRepository.getAllItems"]},{"name":"open override fun getItem(id: Int): Flow<TrainComponent>","description":"com.example.trainapp.data.CashingTrainRepository.getItem","location":"app/com.example.trainapp.data/-cashing-train-repository/get-item.html","searchKeys":["getItem","open override fun getItem(id: Int): Flow<TrainComponent>","com.example.trainapp.data.CashingTrainRepository.getItem"]},{"name":"open override fun intercept(chain: Interceptor.Chain): Response","description":"com.example.trainapp.network.NetworkConnectionInterceptor.intercept","location":"app/com.example.trainapp.network/-network-connection-interceptor/intercept.html","searchKeys":["intercept","open override fun intercept(chain: Interceptor.Chain): Response","com.example.trainapp.network.NetworkConnectionInterceptor.intercept"]},{"name":"open override fun onCreate()","description":"com.example.trainapp.TrainApplication.onCreate","location":"app/com.example.trainapp/-train-application/on-create.html","searchKeys":["onCreate","open override fun onCreate()","com.example.trainapp.TrainApplication.onCreate"]},{"name":"open override val trainRepository: TrainRepository","description":"com.example.trainapp.data.DefaultAppContainer.trainRepository","location":"app/com.example.trainapp.data/-default-app-container/train-repository.html","searchKeys":["trainRepository","open override val trainRepository: TrainRepository","com.example.trainapp.data.DefaultAppContainer.trainRepository"]},{"name":"open override var wifiWorkInfo: Flow<WorkInfo>","description":"com.example.trainapp.data.CashingTrainRepository.wifiWorkInfo","location":"app/com.example.trainapp.data/-cashing-train-repository/wifi-work-info.html","searchKeys":["wifiWorkInfo","open override var wifiWorkInfo: Flow<WorkInfo>","com.example.trainapp.data.CashingTrainRepository.wifiWorkInfo"]},{"name":"open suspend override fun doWork(): ListenableWorker.Result","description":"com.example.trainapp.workerUtils.WifiNotificationWorker.doWork","location":"app/com.example.trainapp.workerUtils/-wifi-notification-worker/do-work.html","searchKeys":["doWork","open suspend override fun doWork(): ListenableWorker.Result","com.example.trainapp.workerUtils.WifiNotificationWorker.doWork"]},{"name":"open suspend override fun insert(item: TrainComponent)","description":"com.example.trainapp.data.CashingTrainRepository.insert","location":"app/com.example.trainapp.data/-cashing-train-repository/insert.html","searchKeys":["insert","open suspend override fun insert(item: TrainComponent)","com.example.trainapp.data.CashingTrainRepository.insert"]},{"name":"open suspend override fun refreshTrainComponents()","description":"com.example.trainapp.data.CashingTrainRepository.refreshTrainComponents","location":"app/com.example.trainapp.data/-cashing-train-repository/refresh-train-components.html","searchKeys":["refreshTrainComponents","open suspend override fun refreshTrainComponents()","com.example.trainapp.data.CashingTrainRepository.refreshTrainComponents"]},{"name":"val Factory: ViewModelProvider.Factory","description":"com.example.trainapp.ui.trainOverview.TrainViewModel.Companion.Factory","location":"app/com.example.trainapp.ui.trainOverview/-train-view-model/-companion/-factory.html","searchKeys":["Factory","val Factory: ViewModelProvider.Factory","com.example.trainapp.ui.trainOverview.TrainViewModel.Companion.Factory"]},{"name":"val Typography: Typography","description":"com.example.trainapp.ui.theme.Typography","location":"app/com.example.trainapp.ui.theme/-typography.html","searchKeys":["Typography","val Typography: Typography","com.example.trainapp.ui.theme.Typography"]},{"name":"val context: Context","description":"com.example.trainapp.network.NetworkConnectionInterceptor.context","location":"app/com.example.trainapp.network/-network-connection-interceptor/context.html","searchKeys":["context","val context: Context","com.example.trainapp.network.NetworkConnectionInterceptor.context"]},{"name":"val description: String","description":"com.example.trainapp.data.database.DbTrainComponent.description","location":"app/com.example.trainapp.data.database/-db-train-component/description.html","searchKeys":["description","val description: String","com.example.trainapp.data.database.DbTrainComponent.description"]},{"name":"val description: String","description":"com.example.trainapp.model.TrainComponent.description","location":"app/com.example.trainapp.model/-train-component/description.html","searchKeys":["description","val description: String","com.example.trainapp.model.TrainComponent.description"]},{"name":"val description: String","description":"com.example.trainapp.network.ApiTrainComponent.description","location":"app/com.example.trainapp.network/-api-train-component/description.html","searchKeys":["description","val description: String","com.example.trainapp.network.ApiTrainComponent.description"]},{"name":"val descriptionImage: String","description":"com.example.trainapp.data.database.DbTrainComponent.descriptionImage","location":"app/com.example.trainapp.data.database/-db-train-component/description-image.html","searchKeys":["descriptionImage","val descriptionImage: String","com.example.trainapp.data.database.DbTrainComponent.descriptionImage"]},{"name":"val descriptionImage: String","description":"com.example.trainapp.model.TrainComponent.descriptionImage","location":"app/com.example.trainapp.model/-train-component/description-image.html","searchKeys":["descriptionImage","val descriptionImage: String","com.example.trainapp.model.TrainComponent.descriptionImage"]},{"name":"val descriptionImage: String","description":"com.example.trainapp.network.ApiTrainComponent.descriptionImage","location":"app/com.example.trainapp.network/-api-train-component/description-image.html","searchKeys":["descriptionImage","val descriptionImage: String","com.example.trainapp.network.ApiTrainComponent.descriptionImage"]},{"name":"val entries: EnumEntries<Destinations>","description":"com.example.trainapp.ui.navigation.Destinations.entries","location":"app/com.example.trainapp.ui.navigation/-destinations/entries.html","searchKeys":["entries","val entries: EnumEntries<Destinations>","com.example.trainapp.ui.navigation.Destinations.entries"]},{"name":"val entries: EnumEntries<TaskNavigationType>","description":"com.example.trainapp.ui.util.TaskNavigationType.entries","location":"app/com.example.trainapp.ui.util/-task-navigation-type/entries.html","searchKeys":["entries","val entries: EnumEntries<TaskNavigationType>","com.example.trainapp.ui.util.TaskNavigationType.entries"]},{"name":"val entries: EnumEntries<TrainComponentType>","description":"com.example.trainapp.model.TrainComponentType.entries","location":"app/com.example.trainapp.model/-train-component-type/entries.html","searchKeys":["entries","val entries: EnumEntries<TrainComponentType>","com.example.trainapp.model.TrainComponentType.entries"]},{"name":"val getAll: () -> List<TrainComponent>","description":"com.example.trainapp.data.TrainComponentSampler.getAll","location":"app/com.example.trainapp.data/-train-component-sampler/get-all.html","searchKeys":["getAll","val getAll: () -> List<TrainComponent>","com.example.trainapp.data.TrainComponentSampler.getAll"]},{"name":"val getById: (Int) -> TrainComponent?","description":"com.example.trainapp.data.TrainComponentSampler.getById","location":"app/com.example.trainapp.data/-train-component-sampler/get-by-id.html","searchKeys":["getById","val getById: (Int) -> TrainComponent?","com.example.trainapp.data.TrainComponentSampler.getById"]},{"name":"val getByType: (TrainComponentType) -> List<TrainComponent>","description":"com.example.trainapp.data.TrainComponentSampler.getByType","location":"app/com.example.trainapp.data/-train-component-sampler/get-by-type.html","searchKeys":["getByType","val getByType: (TrainComponentType) -> List<TrainComponent>","com.example.trainapp.data.TrainComponentSampler.getByType"]},{"name":"val id: Int","description":"com.example.trainapp.model.TrainComponent.id","location":"app/com.example.trainapp.model/-train-component/id.html","searchKeys":["id","val id: Int","com.example.trainapp.model.TrainComponent.id"]},{"name":"val id: Int","description":"com.example.trainapp.network.ApiTrainComponent.id","location":"app/com.example.trainapp.network/-api-train-component/id.html","searchKeys":["id","val id: Int","com.example.trainapp.network.ApiTrainComponent.id"]},{"name":"val id: Int = 0","description":"com.example.trainapp.data.database.DbTrainComponent.id","location":"app/com.example.trainapp.data.database/-db-train-component/id.html","searchKeys":["id","val id: Int = 0","com.example.trainapp.data.database.DbTrainComponent.id"]},{"name":"val image: String","description":"com.example.trainapp.data.database.DbTrainComponent.image","location":"app/com.example.trainapp.data.database/-db-train-component/image.html","searchKeys":["image","val image: String","com.example.trainapp.data.database.DbTrainComponent.image"]},{"name":"val image: String","description":"com.example.trainapp.model.TrainComponent.image","location":"app/com.example.trainapp.model/-train-component/image.html","searchKeys":["image","val image: String","com.example.trainapp.model.TrainComponent.image"]},{"name":"val image: String","description":"com.example.trainapp.network.ApiTrainComponent.image","location":"app/com.example.trainapp.network/-api-train-component/image.html","searchKeys":["image","val image: String","com.example.trainapp.network.ApiTrainComponent.image"]},{"name":"val md_theme_dark_background: Color","description":"com.example.trainapp.ui.theme.md_theme_dark_background","location":"app/com.example.trainapp.ui.theme/md_theme_dark_background.html","searchKeys":["md_theme_dark_background","val md_theme_dark_background: Color","com.example.trainapp.ui.theme.md_theme_dark_background"]},{"name":"val md_theme_dark_error: Color","description":"com.example.trainapp.ui.theme.md_theme_dark_error","location":"app/com.example.trainapp.ui.theme/md_theme_dark_error.html","searchKeys":["md_theme_dark_error","val md_theme_dark_error: Color","com.example.trainapp.ui.theme.md_theme_dark_error"]},{"name":"val md_theme_dark_errorContainer: Color","description":"com.example.trainapp.ui.theme.md_theme_dark_errorContainer","location":"app/com.example.trainapp.ui.theme/md_theme_dark_error-container.html","searchKeys":["md_theme_dark_errorContainer","val md_theme_dark_errorContainer: Color","com.example.trainapp.ui.theme.md_theme_dark_errorContainer"]},{"name":"val md_theme_dark_inverseOnSurface: Color","description":"com.example.trainapp.ui.theme.md_theme_dark_inverseOnSurface","location":"app/com.example.trainapp.ui.theme/md_theme_dark_inverse-on-surface.html","searchKeys":["md_theme_dark_inverseOnSurface","val md_theme_dark_inverseOnSurface: Color","com.example.trainapp.ui.theme.md_theme_dark_inverseOnSurface"]},{"name":"val md_theme_dark_inversePrimary: Color","description":"com.example.trainapp.ui.theme.md_theme_dark_inversePrimary","location":"app/com.example.trainapp.ui.theme/md_theme_dark_inverse-primary.html","searchKeys":["md_theme_dark_inversePrimary","val md_theme_dark_inversePrimary: Color","com.example.trainapp.ui.theme.md_theme_dark_inversePrimary"]},{"name":"val md_theme_dark_inverseSurface: Color","description":"com.example.trainapp.ui.theme.md_theme_dark_inverseSurface","location":"app/com.example.trainapp.ui.theme/md_theme_dark_inverse-surface.html","searchKeys":["md_theme_dark_inverseSurface","val md_theme_dark_inverseSurface: Color","com.example.trainapp.ui.theme.md_theme_dark_inverseSurface"]},{"name":"val md_theme_dark_onBackground: Color","description":"com.example.trainapp.ui.theme.md_theme_dark_onBackground","location":"app/com.example.trainapp.ui.theme/md_theme_dark_on-background.html","searchKeys":["md_theme_dark_onBackground","val md_theme_dark_onBackground: Color","com.example.trainapp.ui.theme.md_theme_dark_onBackground"]},{"name":"val md_theme_dark_onError: Color","description":"com.example.trainapp.ui.theme.md_theme_dark_onError","location":"app/com.example.trainapp.ui.theme/md_theme_dark_on-error.html","searchKeys":["md_theme_dark_onError","val md_theme_dark_onError: Color","com.example.trainapp.ui.theme.md_theme_dark_onError"]},{"name":"val md_theme_dark_onErrorContainer: Color","description":"com.example.trainapp.ui.theme.md_theme_dark_onErrorContainer","location":"app/com.example.trainapp.ui.theme/md_theme_dark_on-error-container.html","searchKeys":["md_theme_dark_onErrorContainer","val md_theme_dark_onErrorContainer: Color","com.example.trainapp.ui.theme.md_theme_dark_onErrorContainer"]},{"name":"val md_theme_dark_onPrimary: Color","description":"com.example.trainapp.ui.theme.md_theme_dark_onPrimary","location":"app/com.example.trainapp.ui.theme/md_theme_dark_on-primary.html","searchKeys":["md_theme_dark_onPrimary","val md_theme_dark_onPrimary: Color","com.example.trainapp.ui.theme.md_theme_dark_onPrimary"]},{"name":"val md_theme_dark_onPrimaryContainer: Color","description":"com.example.trainapp.ui.theme.md_theme_dark_onPrimaryContainer","location":"app/com.example.trainapp.ui.theme/md_theme_dark_on-primary-container.html","searchKeys":["md_theme_dark_onPrimaryContainer","val md_theme_dark_onPrimaryContainer: Color","com.example.trainapp.ui.theme.md_theme_dark_onPrimaryContainer"]},{"name":"val md_theme_dark_onSecondary: Color","description":"com.example.trainapp.ui.theme.md_theme_dark_onSecondary","location":"app/com.example.trainapp.ui.theme/md_theme_dark_on-secondary.html","searchKeys":["md_theme_dark_onSecondary","val md_theme_dark_onSecondary: Color","com.example.trainapp.ui.theme.md_theme_dark_onSecondary"]},{"name":"val md_theme_dark_onSecondaryContainer: Color","description":"com.example.trainapp.ui.theme.md_theme_dark_onSecondaryContainer","location":"app/com.example.trainapp.ui.theme/md_theme_dark_on-secondary-container.html","searchKeys":["md_theme_dark_onSecondaryContainer","val md_theme_dark_onSecondaryContainer: Color","com.example.trainapp.ui.theme.md_theme_dark_onSecondaryContainer"]},{"name":"val md_theme_dark_onSurface: Color","description":"com.example.trainapp.ui.theme.md_theme_dark_onSurface","location":"app/com.example.trainapp.ui.theme/md_theme_dark_on-surface.html","searchKeys":["md_theme_dark_onSurface","val md_theme_dark_onSurface: Color","com.example.trainapp.ui.theme.md_theme_dark_onSurface"]},{"name":"val md_theme_dark_onSurfaceVariant: Color","description":"com.example.trainapp.ui.theme.md_theme_dark_onSurfaceVariant","location":"app/com.example.trainapp.ui.theme/md_theme_dark_on-surface-variant.html","searchKeys":["md_theme_dark_onSurfaceVariant","val md_theme_dark_onSurfaceVariant: Color","com.example.trainapp.ui.theme.md_theme_dark_onSurfaceVariant"]},{"name":"val md_theme_dark_onTertiary: Color","description":"com.example.trainapp.ui.theme.md_theme_dark_onTertiary","location":"app/com.example.trainapp.ui.theme/md_theme_dark_on-tertiary.html","searchKeys":["md_theme_dark_onTertiary","val md_theme_dark_onTertiary: Color","com.example.trainapp.ui.theme.md_theme_dark_onTertiary"]},{"name":"val md_theme_dark_onTertiaryContainer: Color","description":"com.example.trainapp.ui.theme.md_theme_dark_onTertiaryContainer","location":"app/com.example.trainapp.ui.theme/md_theme_dark_on-tertiary-container.html","searchKeys":["md_theme_dark_onTertiaryContainer","val md_theme_dark_onTertiaryContainer: Color","com.example.trainapp.ui.theme.md_theme_dark_onTertiaryContainer"]},{"name":"val md_theme_dark_outline: Color","description":"com.example.trainapp.ui.theme.md_theme_dark_outline","location":"app/com.example.trainapp.ui.theme/md_theme_dark_outline.html","searchKeys":["md_theme_dark_outline","val md_theme_dark_outline: Color","com.example.trainapp.ui.theme.md_theme_dark_outline"]},{"name":"val md_theme_dark_outlineVariant: Color","description":"com.example.trainapp.ui.theme.md_theme_dark_outlineVariant","location":"app/com.example.trainapp.ui.theme/md_theme_dark_outline-variant.html","searchKeys":["md_theme_dark_outlineVariant","val md_theme_dark_outlineVariant: Color","com.example.trainapp.ui.theme.md_theme_dark_outlineVariant"]},{"name":"val md_theme_dark_primary: Color","description":"com.example.trainapp.ui.theme.md_theme_dark_primary","location":"app/com.example.trainapp.ui.theme/md_theme_dark_primary.html","searchKeys":["md_theme_dark_primary","val md_theme_dark_primary: Color","com.example.trainapp.ui.theme.md_theme_dark_primary"]},{"name":"val md_theme_dark_primaryContainer: Color","description":"com.example.trainapp.ui.theme.md_theme_dark_primaryContainer","location":"app/com.example.trainapp.ui.theme/md_theme_dark_primary-container.html","searchKeys":["md_theme_dark_primaryContainer","val md_theme_dark_primaryContainer: Color","com.example.trainapp.ui.theme.md_theme_dark_primaryContainer"]},{"name":"val md_theme_dark_scrim: Color","description":"com.example.trainapp.ui.theme.md_theme_dark_scrim","location":"app/com.example.trainapp.ui.theme/md_theme_dark_scrim.html","searchKeys":["md_theme_dark_scrim","val md_theme_dark_scrim: Color","com.example.trainapp.ui.theme.md_theme_dark_scrim"]},{"name":"val md_theme_dark_secondary: Color","description":"com.example.trainapp.ui.theme.md_theme_dark_secondary","location":"app/com.example.trainapp.ui.theme/md_theme_dark_secondary.html","searchKeys":["md_theme_dark_secondary","val md_theme_dark_secondary: Color","com.example.trainapp.ui.theme.md_theme_dark_secondary"]},{"name":"val md_theme_dark_secondaryContainer: Color","description":"com.example.trainapp.ui.theme.md_theme_dark_secondaryContainer","location":"app/com.example.trainapp.ui.theme/md_theme_dark_secondary-container.html","searchKeys":["md_theme_dark_secondaryContainer","val md_theme_dark_secondaryContainer: Color","com.example.trainapp.ui.theme.md_theme_dark_secondaryContainer"]},{"name":"val md_theme_dark_shadow: Color","description":"com.example.trainapp.ui.theme.md_theme_dark_shadow","location":"app/com.example.trainapp.ui.theme/md_theme_dark_shadow.html","searchKeys":["md_theme_dark_shadow","val md_theme_dark_shadow: Color","com.example.trainapp.ui.theme.md_theme_dark_shadow"]},{"name":"val md_theme_dark_surface: Color","description":"com.example.trainapp.ui.theme.md_theme_dark_surface","location":"app/com.example.trainapp.ui.theme/md_theme_dark_surface.html","searchKeys":["md_theme_dark_surface","val md_theme_dark_surface: Color","com.example.trainapp.ui.theme.md_theme_dark_surface"]},{"name":"val md_theme_dark_surfaceTint: Color","description":"com.example.trainapp.ui.theme.md_theme_dark_surfaceTint","location":"app/com.example.trainapp.ui.theme/md_theme_dark_surface-tint.html","searchKeys":["md_theme_dark_surfaceTint","val md_theme_dark_surfaceTint: Color","com.example.trainapp.ui.theme.md_theme_dark_surfaceTint"]},{"name":"val md_theme_dark_surfaceVariant: Color","description":"com.example.trainapp.ui.theme.md_theme_dark_surfaceVariant","location":"app/com.example.trainapp.ui.theme/md_theme_dark_surface-variant.html","searchKeys":["md_theme_dark_surfaceVariant","val md_theme_dark_surfaceVariant: Color","com.example.trainapp.ui.theme.md_theme_dark_surfaceVariant"]},{"name":"val md_theme_dark_tertiary: Color","description":"com.example.trainapp.ui.theme.md_theme_dark_tertiary","location":"app/com.example.trainapp.ui.theme/md_theme_dark_tertiary.html","searchKeys":["md_theme_dark_tertiary","val md_theme_dark_tertiary: Color","com.example.trainapp.ui.theme.md_theme_dark_tertiary"]},{"name":"val md_theme_dark_tertiaryContainer: Color","description":"com.example.trainapp.ui.theme.md_theme_dark_tertiaryContainer","location":"app/com.example.trainapp.ui.theme/md_theme_dark_tertiary-container.html","searchKeys":["md_theme_dark_tertiaryContainer","val md_theme_dark_tertiaryContainer: Color","com.example.trainapp.ui.theme.md_theme_dark_tertiaryContainer"]},{"name":"val md_theme_light_background: Color","description":"com.example.trainapp.ui.theme.md_theme_light_background","location":"app/com.example.trainapp.ui.theme/md_theme_light_background.html","searchKeys":["md_theme_light_background","val md_theme_light_background: Color","com.example.trainapp.ui.theme.md_theme_light_background"]},{"name":"val md_theme_light_error: Color","description":"com.example.trainapp.ui.theme.md_theme_light_error","location":"app/com.example.trainapp.ui.theme/md_theme_light_error.html","searchKeys":["md_theme_light_error","val md_theme_light_error: Color","com.example.trainapp.ui.theme.md_theme_light_error"]},{"name":"val md_theme_light_errorContainer: Color","description":"com.example.trainapp.ui.theme.md_theme_light_errorContainer","location":"app/com.example.trainapp.ui.theme/md_theme_light_error-container.html","searchKeys":["md_theme_light_errorContainer","val md_theme_light_errorContainer: Color","com.example.trainapp.ui.theme.md_theme_light_errorContainer"]},{"name":"val md_theme_light_inverseOnSurface: Color","description":"com.example.trainapp.ui.theme.md_theme_light_inverseOnSurface","location":"app/com.example.trainapp.ui.theme/md_theme_light_inverse-on-surface.html","searchKeys":["md_theme_light_inverseOnSurface","val md_theme_light_inverseOnSurface: Color","com.example.trainapp.ui.theme.md_theme_light_inverseOnSurface"]},{"name":"val md_theme_light_inversePrimary: Color","description":"com.example.trainapp.ui.theme.md_theme_light_inversePrimary","location":"app/com.example.trainapp.ui.theme/md_theme_light_inverse-primary.html","searchKeys":["md_theme_light_inversePrimary","val md_theme_light_inversePrimary: Color","com.example.trainapp.ui.theme.md_theme_light_inversePrimary"]},{"name":"val md_theme_light_inverseSurface: Color","description":"com.example.trainapp.ui.theme.md_theme_light_inverseSurface","location":"app/com.example.trainapp.ui.theme/md_theme_light_inverse-surface.html","searchKeys":["md_theme_light_inverseSurface","val md_theme_light_inverseSurface: Color","com.example.trainapp.ui.theme.md_theme_light_inverseSurface"]},{"name":"val md_theme_light_onBackground: Color","description":"com.example.trainapp.ui.theme.md_theme_light_onBackground","location":"app/com.example.trainapp.ui.theme/md_theme_light_on-background.html","searchKeys":["md_theme_light_onBackground","val md_theme_light_onBackground: Color","com.example.trainapp.ui.theme.md_theme_light_onBackground"]},{"name":"val md_theme_light_onError: Color","description":"com.example.trainapp.ui.theme.md_theme_light_onError","location":"app/com.example.trainapp.ui.theme/md_theme_light_on-error.html","searchKeys":["md_theme_light_onError","val md_theme_light_onError: Color","com.example.trainapp.ui.theme.md_theme_light_onError"]},{"name":"val md_theme_light_onErrorContainer: Color","description":"com.example.trainapp.ui.theme.md_theme_light_onErrorContainer","location":"app/com.example.trainapp.ui.theme/md_theme_light_on-error-container.html","searchKeys":["md_theme_light_onErrorContainer","val md_theme_light_onErrorContainer: Color","com.example.trainapp.ui.theme.md_theme_light_onErrorContainer"]},{"name":"val md_theme_light_onPrimary: Color","description":"com.example.trainapp.ui.theme.md_theme_light_onPrimary","location":"app/com.example.trainapp.ui.theme/md_theme_light_on-primary.html","searchKeys":["md_theme_light_onPrimary","val md_theme_light_onPrimary: Color","com.example.trainapp.ui.theme.md_theme_light_onPrimary"]},{"name":"val md_theme_light_onPrimaryContainer: Color","description":"com.example.trainapp.ui.theme.md_theme_light_onPrimaryContainer","location":"app/com.example.trainapp.ui.theme/md_theme_light_on-primary-container.html","searchKeys":["md_theme_light_onPrimaryContainer","val md_theme_light_onPrimaryContainer: Color","com.example.trainapp.ui.theme.md_theme_light_onPrimaryContainer"]},{"name":"val md_theme_light_onSecondary: Color","description":"com.example.trainapp.ui.theme.md_theme_light_onSecondary","location":"app/com.example.trainapp.ui.theme/md_theme_light_on-secondary.html","searchKeys":["md_theme_light_onSecondary","val md_theme_light_onSecondary: Color","com.example.trainapp.ui.theme.md_theme_light_onSecondary"]},{"name":"val md_theme_light_onSecondaryContainer: Color","description":"com.example.trainapp.ui.theme.md_theme_light_onSecondaryContainer","location":"app/com.example.trainapp.ui.theme/md_theme_light_on-secondary-container.html","searchKeys":["md_theme_light_onSecondaryContainer","val md_theme_light_onSecondaryContainer: Color","com.example.trainapp.ui.theme.md_theme_light_onSecondaryContainer"]},{"name":"val md_theme_light_onSurface: Color","description":"com.example.trainapp.ui.theme.md_theme_light_onSurface","location":"app/com.example.trainapp.ui.theme/md_theme_light_on-surface.html","searchKeys":["md_theme_light_onSurface","val md_theme_light_onSurface: Color","com.example.trainapp.ui.theme.md_theme_light_onSurface"]},{"name":"val md_theme_light_onSurfaceVariant: Color","description":"com.example.trainapp.ui.theme.md_theme_light_onSurfaceVariant","location":"app/com.example.trainapp.ui.theme/md_theme_light_on-surface-variant.html","searchKeys":["md_theme_light_onSurfaceVariant","val md_theme_light_onSurfaceVariant: Color","com.example.trainapp.ui.theme.md_theme_light_onSurfaceVariant"]},{"name":"val md_theme_light_onTertiary: Color","description":"com.example.trainapp.ui.theme.md_theme_light_onTertiary","location":"app/com.example.trainapp.ui.theme/md_theme_light_on-tertiary.html","searchKeys":["md_theme_light_onTertiary","val md_theme_light_onTertiary: Color","com.example.trainapp.ui.theme.md_theme_light_onTertiary"]},{"name":"val md_theme_light_onTertiaryContainer: Color","description":"com.example.trainapp.ui.theme.md_theme_light_onTertiaryContainer","location":"app/com.example.trainapp.ui.theme/md_theme_light_on-tertiary-container.html","searchKeys":["md_theme_light_onTertiaryContainer","val md_theme_light_onTertiaryContainer: Color","com.example.trainapp.ui.theme.md_theme_light_onTertiaryContainer"]},{"name":"val md_theme_light_outline: Color","description":"com.example.trainapp.ui.theme.md_theme_light_outline","location":"app/com.example.trainapp.ui.theme/md_theme_light_outline.html","searchKeys":["md_theme_light_outline","val md_theme_light_outline: Color","com.example.trainapp.ui.theme.md_theme_light_outline"]},{"name":"val md_theme_light_outlineVariant: Color","description":"com.example.trainapp.ui.theme.md_theme_light_outlineVariant","location":"app/com.example.trainapp.ui.theme/md_theme_light_outline-variant.html","searchKeys":["md_theme_light_outlineVariant","val md_theme_light_outlineVariant: Color","com.example.trainapp.ui.theme.md_theme_light_outlineVariant"]},{"name":"val md_theme_light_primary: Color","description":"com.example.trainapp.ui.theme.md_theme_light_primary","location":"app/com.example.trainapp.ui.theme/md_theme_light_primary.html","searchKeys":["md_theme_light_primary","val md_theme_light_primary: Color","com.example.trainapp.ui.theme.md_theme_light_primary"]},{"name":"val md_theme_light_primaryContainer: Color","description":"com.example.trainapp.ui.theme.md_theme_light_primaryContainer","location":"app/com.example.trainapp.ui.theme/md_theme_light_primary-container.html","searchKeys":["md_theme_light_primaryContainer","val md_theme_light_primaryContainer: Color","com.example.trainapp.ui.theme.md_theme_light_primaryContainer"]},{"name":"val md_theme_light_scrim: Color","description":"com.example.trainapp.ui.theme.md_theme_light_scrim","location":"app/com.example.trainapp.ui.theme/md_theme_light_scrim.html","searchKeys":["md_theme_light_scrim","val md_theme_light_scrim: Color","com.example.trainapp.ui.theme.md_theme_light_scrim"]},{"name":"val md_theme_light_secondary: Color","description":"com.example.trainapp.ui.theme.md_theme_light_secondary","location":"app/com.example.trainapp.ui.theme/md_theme_light_secondary.html","searchKeys":["md_theme_light_secondary","val md_theme_light_secondary: Color","com.example.trainapp.ui.theme.md_theme_light_secondary"]},{"name":"val md_theme_light_secondaryContainer: Color","description":"com.example.trainapp.ui.theme.md_theme_light_secondaryContainer","location":"app/com.example.trainapp.ui.theme/md_theme_light_secondary-container.html","searchKeys":["md_theme_light_secondaryContainer","val md_theme_light_secondaryContainer: Color","com.example.trainapp.ui.theme.md_theme_light_secondaryContainer"]},{"name":"val md_theme_light_shadow: Color","description":"com.example.trainapp.ui.theme.md_theme_light_shadow","location":"app/com.example.trainapp.ui.theme/md_theme_light_shadow.html","searchKeys":["md_theme_light_shadow","val md_theme_light_shadow: Color","com.example.trainapp.ui.theme.md_theme_light_shadow"]},{"name":"val md_theme_light_surface: Color","description":"com.example.trainapp.ui.theme.md_theme_light_surface","location":"app/com.example.trainapp.ui.theme/md_theme_light_surface.html","searchKeys":["md_theme_light_surface","val md_theme_light_surface: Color","com.example.trainapp.ui.theme.md_theme_light_surface"]},{"name":"val md_theme_light_surfaceTint: Color","description":"com.example.trainapp.ui.theme.md_theme_light_surfaceTint","location":"app/com.example.trainapp.ui.theme/md_theme_light_surface-tint.html","searchKeys":["md_theme_light_surfaceTint","val md_theme_light_surfaceTint: Color","com.example.trainapp.ui.theme.md_theme_light_surfaceTint"]},{"name":"val md_theme_light_surfaceVariant: Color","description":"com.example.trainapp.ui.theme.md_theme_light_surfaceVariant","location":"app/com.example.trainapp.ui.theme/md_theme_light_surface-variant.html","searchKeys":["md_theme_light_surfaceVariant","val md_theme_light_surfaceVariant: Color","com.example.trainapp.ui.theme.md_theme_light_surfaceVariant"]},{"name":"val md_theme_light_tertiary: Color","description":"com.example.trainapp.ui.theme.md_theme_light_tertiary","location":"app/com.example.trainapp.ui.theme/md_theme_light_tertiary.html","searchKeys":["md_theme_light_tertiary","val md_theme_light_tertiary: Color","com.example.trainapp.ui.theme.md_theme_light_tertiary"]},{"name":"val md_theme_light_tertiaryContainer: Color","description":"com.example.trainapp.ui.theme.md_theme_light_tertiaryContainer","location":"app/com.example.trainapp.ui.theme/md_theme_light_tertiary-container.html","searchKeys":["md_theme_light_tertiaryContainer","val md_theme_light_tertiaryContainer: Color","com.example.trainapp.ui.theme.md_theme_light_tertiaryContainer"]},{"name":"val sampleTrainComponents: MutableList<TrainComponent>","description":"com.example.trainapp.data.TrainComponentSampler.sampleTrainComponents","location":"app/com.example.trainapp.data/-train-component-sampler/sample-train-components.html","searchKeys":["sampleTrainComponents","val sampleTrainComponents: MutableList<TrainComponent>","com.example.trainapp.data.TrainComponentSampler.sampleTrainComponents"]},{"name":"val scrollActionIdx: Int = 0","description":"com.example.trainapp.ui.trainOverview.TrainOverviewState.scrollActionIdx","location":"app/com.example.trainapp.ui.trainOverview/-train-overview-state/scroll-action-idx.html","searchKeys":["scrollActionIdx","val scrollActionIdx: Int = 0","com.example.trainapp.ui.trainOverview.TrainOverviewState.scrollActionIdx"]},{"name":"val scrollToItemIndex: Int = 0","description":"com.example.trainapp.ui.trainOverview.TrainOverviewState.scrollToItemIndex","location":"app/com.example.trainapp.ui.trainOverview/-train-overview-state/scroll-to-item-index.html","searchKeys":["scrollToItemIndex","val scrollToItemIndex: Int = 0","com.example.trainapp.ui.trainOverview.TrainOverviewState.scrollToItemIndex"]},{"name":"val seed: Color","description":"com.example.trainapp.ui.theme.seed","location":"app/com.example.trainapp.ui.theme/seed.html","searchKeys":["seed","val seed: Color","com.example.trainapp.ui.theme.seed"]},{"name":"val subtype: String","description":"com.example.trainapp.data.database.DbTrainComponent.subtype","location":"app/com.example.trainapp.data.database/-db-train-component/subtype.html","searchKeys":["subtype","val subtype: String","com.example.trainapp.data.database.DbTrainComponent.subtype"]},{"name":"val subtype: String","description":"com.example.trainapp.model.TrainComponent.subtype","location":"app/com.example.trainapp.model/-train-component/subtype.html","searchKeys":["subtype","val subtype: String","com.example.trainapp.model.TrainComponent.subtype"]},{"name":"val subtype: String","description":"com.example.trainapp.network.ApiTrainComponent.subtype","location":"app/com.example.trainapp.network/-api-train-component/subtype.html","searchKeys":["subtype","val subtype: String","com.example.trainapp.network.ApiTrainComponent.subtype"]},{"name":"val title: Int","description":"com.example.trainapp.ui.navigation.Destinations.title","location":"app/com.example.trainapp.ui.navigation/-destinations/title.html","searchKeys":["title","val title: Int","com.example.trainapp.ui.navigation.Destinations.title"]},{"name":"val train: TrainComponent? = null","description":"com.example.trainapp.ui.trainOverview.detail.TrainDetailUiState.train","location":"app/com.example.trainapp.ui.trainOverview.detail/-train-detail-ui-state/train.html","searchKeys":["train","val train: TrainComponent? = null","com.example.trainapp.ui.trainOverview.detail.TrainDetailUiState.train"]},{"name":"val trainComponent: TrainComponent? = null","description":"com.example.trainapp.ui.trainOverview.detail.TrainComponentState.trainComponent","location":"app/com.example.trainapp.ui.trainOverview.detail/-train-component-state/train-component.html","searchKeys":["trainComponent","val trainComponent: TrainComponent? = null","com.example.trainapp.ui.trainOverview.detail.TrainComponentState.trainComponent"]},{"name":"val trainComponentList: List<TrainComponent>","description":"com.example.trainapp.ui.trainOverview.TrainComponentListState.trainComponentList","location":"app/com.example.trainapp.ui.trainOverview/-train-component-list-state/train-component-list.html","searchKeys":["trainComponentList","val trainComponentList: List<TrainComponent>","com.example.trainapp.ui.trainOverview.TrainComponentListState.trainComponentList"]},{"name":"val trainDetailUiState: StateFlow<TrainDetailUiState>","description":"com.example.trainapp.ui.trainOverview.detail.TrainDetailViewModel.trainDetailUiState","location":"app/com.example.trainapp.ui.trainOverview.detail/-train-detail-view-model/train-detail-ui-state.html","searchKeys":["trainDetailUiState","val trainDetailUiState: StateFlow<TrainDetailUiState>","com.example.trainapp.ui.trainOverview.detail.TrainDetailViewModel.trainDetailUiState"]},{"name":"val type: TrainComponentType","description":"com.example.trainapp.data.database.DbTrainComponent.type","location":"app/com.example.trainapp.data.database/-db-train-component/type.html","searchKeys":["type","val type: TrainComponentType","com.example.trainapp.data.database.DbTrainComponent.type"]},{"name":"val type: TrainComponentType","description":"com.example.trainapp.model.TrainComponent.type","location":"app/com.example.trainapp.model/-train-component/type.html","searchKeys":["type","val type: TrainComponentType","com.example.trainapp.model.TrainComponent.type"]},{"name":"val type: TrainComponentType","description":"com.example.trainapp.network.ApiTrainComponent.type","location":"app/com.example.trainapp.network/-api-train-component/type.html","searchKeys":["type","val type: TrainComponentType","com.example.trainapp.network.ApiTrainComponent.type"]},{"name":"val uiState: StateFlow<TrainOverviewState>","description":"com.example.trainapp.ui.trainOverview.TrainViewModel.uiState","location":"app/com.example.trainapp.ui.trainOverview/-train-view-model/ui-state.html","searchKeys":["uiState","val uiState: StateFlow<TrainOverviewState>","com.example.trainapp.ui.trainOverview.TrainViewModel.uiState"]},{"name":"val workerInfo: WorkInfo? = null","description":"com.example.trainapp.ui.trainOverview.WorkerState.workerInfo","location":"app/com.example.trainapp.ui.trainOverview/-worker-state/worker-info.html","searchKeys":["workerInfo","val workerInfo: WorkInfo? = null","com.example.trainapp.ui.trainOverview.WorkerState.workerInfo"]},{"name":"var trainApiState: TrainApiState","description":"com.example.trainapp.ui.trainOverview.TrainViewModel.trainApiState","location":"app/com.example.trainapp.ui.trainOverview/-train-view-model/train-api-state.html","searchKeys":["trainApiState","var trainApiState: TrainApiState","com.example.trainapp.ui.trainOverview.TrainViewModel.trainApiState"]},{"name":"var trainDetailApiState: TrainDetailApiState","description":"com.example.trainapp.ui.trainOverview.detail.TrainDetailViewModel.trainDetailApiState","location":"app/com.example.trainapp.ui.trainOverview.detail/-train-detail-view-model/train-detail-api-state.html","searchKeys":["trainDetailApiState","var trainDetailApiState: TrainDetailApiState","com.example.trainapp.ui.trainOverview.detail.TrainDetailViewModel.trainDetailApiState"]}]
